clade	gene	site	alt
B2	nuc	1655	T
B2	nuc	6785	T
B2	nuc	7143	A
B2	nuc	7277	G

B5	nuc	1409	A
B5	nuc	2009	G
B5	nuc	5415	C

B4	nuc	2930	G
B4	nuc	6214	G
B4	nuc	6284	C

B3	nuc	3770	A
B3	nuc	4532	A
B3	nuc	5954	C

B	nuc	968	T
B	nuc	1739	A
B	nuc	2300	C
B	nuc	3134	T

B1	nuc	1505	A
B1	nuc	3392	T
B1	nuc	7283	A

C	nuc	1892	G
C	nuc	2428	G
C	nuc	3191	T

C2	nuc	2972	A
C2	nuc	4061	G
C2	nuc	5202	T
C2	nuc	7355	T

C2.2	nuc	505	G
C2.2	nuc	2855	C
C2.2	nuc	6884	T

C2.3	nuc	2057	T
C2.3	nuc	4706	C

C3	nuc	809	G
C3	nuc	4193	C

C1	nuc	6209	A
C1	nuc	4265	T

C1.2	nuc	1533	A
C1.2	nuc	3719	G
C1.2	nuc	3920	T

C1.3	nuc	705	T
C1.3	nuc	2798	G
C1.3	nuc	3758	T

C4	nuc	505	C
C4	nuc	1331	A
C4	nuc	3633	C
C4	nuc	6035	C

C5	nuc	280	A
C5	nuc	3399	T
C5	nuc	4208	A
C5	nuc	6833	C
C5	nuc	7169	G

F	VP1	167	E
F	VP1	275	T
F	VP1	289	S
F	nuc	3065	C

A	nuc	914	G
A	nuc	1259	T
A	nuc	2702	C
A	nuc	5678	G

E	nuc	992	C
E	nuc	2120	T
E	nuc	3230	A

G	nuc	2735	G
G	nuc	3008	A
G	nuc	4112	A

D	nuc	2171	C
D	nuc	3143	C
D	nuc	4022	G

